{
    "balance": 1000025.0439434061,
    "valor_stop": 100,
    "objetos_comprados": 0,
    "compra": 100000,
    "compras": 5,
    "ventas_ganadoras": 2,
    "ventas_perdedoras": 3,
    "ganancia_total": 35.043943406053586,
    "comision": 2.0,
    "comisiones": 20.0,
    "moneda": "BTC",
    "lastrun": "2020-07-04_22:57:52"
}